index,userid,softwaredevelopment,frontenddev,backenddev,fullstack,mobiledevelopment,webapplicationdevelopment,degreeid
1,UID1,sd1,fe0,be1,fs0,md0,wd1,DID01
2,UID2,sd1,fe0,be1,fs0,md1,wd1,DID01
3,UID3,sd1,fe1,be1,fs1,md0,wd1,DID02
4,UID4,sd1,fe0,be0,fs0,md1,wd1,DID01
5,UID5,sd1,fe0,be0,fs0,md0,wd0,DID02
6,UID6,sd1,fe0,be0,fs0,md1,wd0,DID02
7,UID7,sd1,fe0,be0,fs0,md0,wd1,DID03
8,UID8,sd1,fe0,be0,fs0,md1,wd0,DID01
9,UID9,sd1,fe0,be0,fs0,md0,wd1,DID01
10,UID10,sd0,fe0,be0,fs0,md0,wd1,DID03
11,UID11,sd0,fe0,be1,fs0,md0,wd1,DID02
12,UID12,sd0,fe1,be0,fs0,md0,wd0,DID02
13,UID13,sd0,fe0,be0,fs0,md1,wd1,DID01
14,UID14,sd0,fe0,be0,fs0,md0,wd0,DID02
15,UID15,sd0,fe0,be0,fs0,md0,wd0,DID03
16,UID16,sd0,fe0,be0,fs0,md1,wd1,DID03
17,UID17,sd0,fe0,be0,fs1,md0,wd1,DID02
18,UID18,sd0,fe0,be0,fs1,md0,wd1,DID02
19,UID19,sd0,fe0,be0,fs1,md0,wd1,DID01
20,UID20,sd0,fe0,be0,fs0,md0,wd0,DID01
21,UID21,sd0,fe0,be0,fs0,md0,wd0,DID03
22,UID22,sd1,fe0,be0,fs0,md0,wd1,DID04
23,UID23,sd1,fe0,be0,fs0,md0,wd0,DID02
24,UID24,sd0,fe0,be0,fs0,md1,wd0,DID02
25,UID25,sd1,fe1,be0,fs0,md0,wd0,DID02
26,UID26,sd1,fe0,be0,fs0,md0,wd0,DID02
27,UID27,sd0,fe0,be0,fs0,md0,wd0,DID03
28,UID28,sd1,fe0,be0,fs0,md0,wd0,DID02
29,UID29,sd1,fe0,be0,fs0,md1,wd0,DID03
30,UID30,sd1,fe0,be0,fs0,md0,wd0,DID02
31,UID31,sd1,fe0,be0,fs0,md0,wd0,DID02
32,UID32,sd1,fe0,be0,fs0,md0,wd0,DID02
33,UID33,sd1,fe0,be0,fs0,md0,wd0,DID02
34,UID34,sd1,fe0,be0,fs0,md0,wd0,DID02
35,UID35,sd1,fe0,be0,fs0,md0,wd0,DID02
36,UID36,sd1,fe0,be0,fs0,md0,wd0,DID02
37,UID37,sd1,fe0,be0,fs0,md0,wd1,DID02
38,UID38,sd1,fe0,be0,fs0,md0,wd1,DID01
39,UID39,sd1,fe0,be0,fs0,md0,wd1,DID02
40,UID40,sd1,fe0,be0,fs0,md0,wd1,DID02
41,UID41,sd1,fe0,be0,fs1,md0,wd1,DID02
42,UID42,sd1,fe0,be0,fs1,md0,wd1,DID01
43,UID43,sd1,fe0,be0,fs1,md0,wd1,DID01
44,UID44,sd1,fe0,be0,fs1,md0,wd1,DID02
45,UID45,sd1,fe0,be0,fs1,md0,wd1,DID02
46,UID46,sd1,fe0,be0,fs1,md0,wd1,DID02
47,UID47,sd1,fe0,be0,fs1,md0,wd1,DID02
48,UID48,sd1,fe0,be0,fs1,md0,wd1,DID02
49,UID49,sd1,fe0,be0,fs1,md0,wd1,DID01
50,UID50,sd1,fe0,be0,fs1,md0,wd1,DID02
51,UID51,sd1,fe0,be0,fs0,md0,wd0,DID02
52,UID52,sd1,fe0,be0,fs0,md0,wd0,DID01
53,UID53,sd1,fe0,be0,fs0,md0,wd0,DID02
54,UID54,sd1,fe0,be0,fs0,md0,wd0,DID02
55,UID55,sd1,fe0,be0,fs0,md0,wd0,DID02
56,UID56,sd1,fe0,be0,fs0,md0,wd0,DID01
57,UID57,sd1,fe0,be0,fs0,md0,wd1,DID02
58,UID58,sd1,fe0,be0,fs0,md0,wd1,DID02
59,UID59,sd1,fe0,be0,fs0,md0,wd1,DID02
60,UID60,sd1,fe0,be0,fs1,md0,wd1,DID01
61,UID61,sd1,fe0,be0,fs1,md0,wd1,DID02
62,UID62,sd1,fe0,be0,fs1,md0,wd1,DID01
63,UID63,sd1,fe0,be0,fs1,md0,wd1,DID02
64,UID64,sd1,fe0,be0,fs0,md0,wd0,DID01
65,UID65,sd1,fe0,be0,fs0,md0,wd0,DID01
66,UID66,sd1,fe0,be0,fs0,md0,wd0,DID02
67,UID67,sd1,fe0,be0,fs0,md0,wd0,DID01
68,UID68,sd1,fe0,be0,fs0,md0,wd0,DID02
69,UID69,sd1,fe0,be0,fs0,md0,wd0,DID02
70,UID70,sd1,fe0,be0,fs0,md0,wd1,DID01
71,UID71,sd1,fe0,be0,fs0,md0,wd1,DID01
72,UID72,sd1,fe0,be0,fs0,md0,wd1,DID01
73,UID73,sd1,fe0,be0,fs0,md0,wd1,DID02
74,UID74,sd1,fe0,be0,fs0,md0,wd1,DID01
75,UID75,sd1,fe0,be0,fs0,md0,wd1,DID02
76,UID76,sd1,fe0,be0,fs1,md0,wd1,DID02
77,UID77,sd0,fe0,be0,fs1,md0,wd1,DID02
78,UID78,sd0,fe0,be0,fs1,md0,wd1,DID02
79,UID79,sd0,fe0,be0,fs1,md0,wd1,DID02
80,UID80,sd1,fe0,be0,fs1,md0,wd1,DID02
81,UID81,sd1,fe0,be0,fs1,md0,wd1,DID02
82,UID82,sd0,fe0,be0,fs1,md0,wd1,DID02
83,UID83,sd1,fe0,be0,fs1,md0,wd1,DID02
84,UID84,sd0,fe0,be0,fs0,md0,wd0,DID02
85,UID85,sd0,fe0,be0,fs0,md0,wd0,DID02
86,UID86,sd1,fe0,be0,fs1,md0,wd1,DID02
87,UID87,sd1,fe0,be0,fs1,md0,wd1,DID02
88,UID88,sd1,fe0,be0,fs1,md0,wd1,DID02
89,UID89,sd0,fe0,be0,fs1,md0,wd1,DID02
90,UID90,sd0,fe0,be0,fs1,md0,wd1,DID02
91,UID91,sd0,fe0,be0,fs0,md0,wd0,DID02
92,UID92,sd1,fe0,be0,fs0,md0,wd0,DID02
93,UID93,sd0,fe0,be0,fs0,md0,wd0,DID02
94,UID94,sd1,fe0,be0,fs0,md0,wd0,DID02
95,UID95,sd0,fe0,be0,fs0,md0,wd0,DID02
96,UID96,sd0,fe0,be0,fs0,md0,wd0,DID02
97,UID97,sd0,fe0,be0,fs0,md0,wd0,DID02
98,UID98,sd1,fe0,be0,fs0,md0,wd0,DID02
99,UID99,sd1,fe0,be0,fs0,md0,wd0,DID02
100,UID100,sd0,fe0,be0,fs0,md0,wd0,DID02
101,UID101,sd0,fe0,be0,fs0,md0,wd0,DID02
102,UID102,sd1,fe0,be0,fs0,md0,wd0,DID02
103,UID103,sd0,fe0,be0,fs0,md0,wd0,DID02
104,UID104,sd1,fe0,be0,fs0,md1,wd0,DID02
105,UID105,sd0,fe0,be0,fs0,md0,wd0,DID03
106,UID106,sd1,fe0,be0,fs0,md0,wd0,DID03
107,UID107,sd0,fe0,be0,fs0,md0,wd0,DID03
108,UID108,sd0,fe0,be0,fs0,md0,wd0,DID03
109,UID109,sd1,fe0,be0,fs0,md0,wd0,DID03
110,UID110,sd1,fe0,be0,fs0,md0,wd0,DID03
111,UID111,sd1,fe0,be0,fs0,md0,wd0,DID03
112,UID112,sd0,fe0,be0,fs0,md0,wd0,DID03
113,UID113,sd0,fe0,be0,fs0,md0,wd0,DID03
114,UID114,sd1,fe0,be0,fs0,md0,wd0,DID03
115,UID115,sd1,fe0,be0,fs0,md1,wd0,DID02
116,UID116,sd0,fe0,be0,fs0,md1,wd0,DID02
117,UID117,sd1,fe0,be0,fs0,md1,wd0,DID02
118,UID118,sd0,fe0,be0,fs0,md1,wd0,DID02
119,UID119,sd0,fe0,be0,fs0,md1,wd0,DID02
120,UID120,sd1,fe0,be0,fs0,md1,wd0,DID02
121,UID121,sd1,fe0,be0,fs0,md1,wd0,DID02
122,UID122,sd0,fe0,be0,fs0,md0,wd0,DID02
123,UID123,sd1,fe0,be0,fs0,md0,wd0,DID02
124,UID124,sd0,fe0,be0,fs0,md1,wd0,DID02
125,UID125,sd1,fe0,be0,fs0,md0,wd0,DID03
126,UID126,sd1,fe0,be0,fs0,md0,wd0,DID03
127,UID127,sd0,fe0,be0,fs0,md0,wd0,DID03
128,UID128,sd0,fe0,be0,fs0,md0,wd0,DID03
129,UID129,sd0,fe0,be0,fs0,md0,wd0,DID03
130,UID130,sd0,fe0,be0,fs0,md0,wd0,DID03
131,UID131,sd0,fe0,be0,fs0,md0,wd0,DID03
132,UID132,sd0,fe0,be0,fs0,md0,wd0,DID03
133,UID133,sd0,fe0,be0,fs0,md0,wd0,DID03
134,UID134,sd0,fe0,be0,fs0,md1,wd0,DID02
135,UID135,sd0,fe0,be0,fs0,md1,wd0,DID02
136,UID136,sd1,fe0,be0,fs0,md1,wd0,DID02
137,UID137,sd1,fe0,be0,fs0,md1,wd0,DID02
138,UID138,sd0,fe0,be0,fs0,md1,wd0,DID03
139,UID139,sd0,fe0,be0,fs0,md1,wd0,DID03
140,UID140,sd0,fe0,be0,fs0,md1,wd0,DID01
141,UID141,sd1,fe0,be0,fs1,md0,wd1,DID02
142,UID142,sd0,fe0,be0,fs1,md0,wd1,DID02
143,UID143,sd1,fe0,be0,fs1,md0,wd1,DID02
144,UID144,sd0,fe0,be0,fs1,md0,wd1,DID01
145,UID145,sd0,fe0,be0,fs1,md0,wd1,DID02
146,UID146,sd1,fe0,be0,fs1,md0,wd1,DID02
147,UID147,sd1,fe0,be0,fs0,md1,wd0,DID01
148,UID148,sd0,fe0,be0,fs0,md1,wd0,DID01
149,UID149,sd0,fe0,be0,fs0,md0,wd0,DID02
150,UID150,sd1,fe0,be0,fs0,md0,wd0,DID01
151,UID151,sd0,fe0,be0,fs0,md1,wd0,DID01
152,UID152,sd0,fe0,be0,fs0,md0,wd0,DID02
153,UID153,sd1,fe0,be0,fs0,md0,wd0,DID02
154,UID154,sd0,fe0,be0,fs0,md1,wd0,DID02
155,UID155,sd1,fe0,be0,fs0,md1,wd0,DID01
156,UID156,sd1,fe0,be0,fs0,md1,wd0,DID01
157,UID157,sd0,fe0,be0,fs0,md0,wd0,DID02
158,UID158,sd0,fe0,be0,fs0,md0,wd0,DID02
159,UID159,sd1,fe0,be0,fs0,md1,wd0,DID01
160,UID160,sd0,fe0,be0,fs1,md0,wd1,DID02
161,UID161,sd0,fe0,be0,fs1,md0,wd1,DID02
162,UID162,sd0,fe0,be0,fs1,md0,wd1,DID02
163,UID163,sd0,fe0,be0,fs1,md0,wd1,DID02
164,UID164,sd1,fe0,be0,fs0,md0,wd0,DID03
165,UID165,sd0,fe0,be0,fs0,md0,wd0,DID03
166,UID166,sd0,fe0,be0,fs0,md0,wd0,DID03
167,UID167,sd1,fe0,be0,fs0,md0,wd0,DID03
168,UID168,sd1,fe0,be0,fs0,md0,wd0,DID03
169,UID169,sd1,fe0,be0,fs0,md0,wd0,DID03
170,UID170,sd0,fe0,be0,fs0,md0,wd0,DID03
171,UID171,sd1,fe0,be0,fs0,md0,wd0,DID03
172,UID172,sd0,fe0,be0,fs0,md0,wd0,DID03
173,UID173,sd1,fe0,be0,fs0,md0,wd0,DID03
174,UID174,sd1,fe0,be0,fs0,md0,wd0,DID03
175,UID175,sd1,fe0,be0,fs0,md0,wd0,DID03
176,UID176,sd0,fe0,be0,fs0,md0,wd0,DID03
177,UID177,sd1,fe0,be0,fs0,md0,wd0,DID03
178,UID178,sd1,fe0,be0,fs0,md0,wd0,DID03
179,UID179,sd0,fe0,be0,fs0,md0,wd0,DID03
180,UID180,sd1,fe0,be0,fs0,md0,wd0,DID03
181,UID181,sd0,fe0,be0,fs0,md0,wd0,DID03
182,UID182,sd0,fe0,be0,fs0,md0,wd0,DID03
183,UID183,sd1,fe0,be0,fs0,md0,wd0,DID03
184,UID184,sd1,fe0,be0,fs0,md0,wd0,DID03
185,UID185,sd0,fe0,be0,fs0,md0,wd0,DID03
186,UID186,sd0,fe0,be0,fs0,md0,wd0,DID03
187,UID187,sd1,fe0,be0,fs0,md0,wd0,DID03
188,UID188,sd0,fe0,be0,fs0,md0,wd0,DID03
189,UID189,sd1,fe0,be0,fs1,md0,wd1,DID01
190,UID190,sd0,fe0,be0,fs0,md0,wd0,DID03
191,UID191,sd1,fe0,be0,fs0,md0,wd0,DID03
192,UID192,sd1,fe0,be0,fs0,md0,wd0,DID03
193,UID193,sd1,fe0,be0,fs0,md0,wd0,DID03
194,UID194,sd0,fe0,be0,fs0,md1,wd0,DID02
195,UID195,sd0,fe0,be0,fs0,md1,wd0,DID01
196,UID196,sd1,fe0,be0,fs0,md1,wd0,DID01
197,UID197,sd0,fe0,be0,fs0,md0,wd0,DID02
198,UID198,sd1,fe0,be0,fs0,md0,wd0,DID02
199,UID199,sd0,fe0,be0,fs0,md0,wd0,DID01
200,UID200,sd1,fe0,be0,fs0,md0,wd0,DID01
201,UID201,sd1,fe0,be0,fs0,md0,wd0,DID01
202,UID202,sd0,fe0,be0,fs0,md0,wd0,DID02
203,UID203,sd0,fe0,be0,fs0,md1,wd1,DID02
204,UID204,sd1,fe0,be0,fs0,md1,wd1,DID01
205,UID205,sd1,fe0,be0,fs0,md1,wd1,DID02
206,UID206,sd0,fe0,be0,fs0,md1,wd1,DID02
207,UID207,sd1,fe0,be0,fs0,md1,wd0,DID01
208,UID208,sd0,fe0,be0,fs0,md1,wd0,DID01
209,UID209,sd1,fe0,be0,fs0,md1,wd0,DID02
210,UID210,sd0,fe0,be0,fs0,md1,wd1,DID02
211,UID211,sd0,fe0,be0,fs0,md1,wd1,DID01
212,UID212,sd1,fe0,be0,fs0,md1,wd1,DID02
213,UID213,sd0,fe0,be0,fs0,md0,wd0,DID02
214,UID214,sd0,fe0,be0,fs0,md0,wd0,DID01
215,UID215,sd1,fe0,be0,fs0,md0,wd0,DID01
216,UID216,sd1,fe0,be0,fs0,md0,wd0,DID02
217,UID217,sd1,fe0,be0,fs0,md0,wd0,DID02
218,UID218,sd0,fe0,be0,fs0,md1,wd1,DID02
219,UID219,sd0,fe0,be0,fs0,md1,wd1,DID01
220,UID220,sd1,fe0,be0,fs0,md1,wd1,DID01
221,UID221,sd0,fe0,be0,fs0,md1,wd1,DID02
222,UID222,sd1,fe0,be1,fs0,md0,wd0,DID02
223,UID223,sd1,fe0,be1,fs0,md0,wd0,DID01
224,UID224,sd1,fe0,be1,fs0,md0,wd0,DID04
225,UID225,sd1,fe0,be1,fs0,md0,wd0,DID04
226,UID226,sd1,fe0,be1,fs0,md0,wd0,DID04
227,UID227,sd1,fe0,be0,fs1,md0,wd1,DID04
228,UID228,sd1,fe0,be0,fs1,md0,wd1,DID04
229,UID229,sd1,fe0,be0,fs1,md0,wd1,DID04
230,UID230,sd1,fe0,be0,fs1,md0,wd1,DID04
231,UID231,sd1,fe0,be0,fs1,md0,wd1,DID04
232,UID232,sd1,fe0,be0,fs0,md0,wd0,DID01
233,UID233,sd0,fe0,be0,fs0,md0,wd0,DID02
234,UID234,sd0,fe0,be0,fs0,md0,wd0,DID02
235,UID235,sd0,fe0,be0,fs0,md0,wd0,DID02
236,UID236,sd1,fe0,be0,fs0,md0,wd0,DID01
237,UID237,sd1,fe0,be0,fs0,md0,wd0,DID01
238,UID238,sd1,fe0,be0,fs0,md0,wd0,DID02
239,UID239,sd1,fe0,be0,fs0,md0,wd0,DID01
240,UID240,sd1,fe0,be0,fs0,md0,wd0,DID01
241,UID241,sd1,fe0,be0,fs0,md0,wd0,DID02
242,UID242,sd1,fe0,be0,fs0,md0,wd0,DID02
243,UID243,sd1,fe0,be0,fs0,md0,wd0,DID02
244,UID244,sd1,fe0,be0,fs1,md0,wd1,DID01
245,UID245,sd1,fe0,be0,fs1,md0,wd1,DID01
246,UID246,sd1,fe0,be0,fs1,md0,wd1,DID02
247,UID247,sd1,fe0,be0,fs1,md0,wd1,DID02
248,UID248,sd1,fe0,be0,fs0,md1,wd1,DID02
249,UID249,sd0,fe0,be0,fs0,md1,wd1,DID02
250,UID250,sd1,fe0,be0,fs0,md0,wd0,DID02
251,UID251,sd0,fe0,be0,fs0,md1,wd1,DID02
252,UID252,sd1,fe0,be0,fs0,md0,wd0,DID01
253,UID253,sd0,fe0,be0,fs0,md1,wd1,DID01
254,UID254,sd1,fe0,be0,fs0,md1,wd1,DID01
255,UID255,sd1,fe0,be0,fs0,md0,wd0,DID01
256,UID256,sd1,fe0,be0,fs0,md0,wd0,DID01
257,UID257,sd0,fe0,be0,fs0,md1,wd1,DID01
258,UID258,sd1,fe0,be0,fs0,md0,wd0,DID02
259,UID259,sd1,fe0,be0,fs0,md0,wd0,DID02
260,UID260,sd1,fe0,be0,fs0,md0,wd0,DID01
261,UID261,sd0,fe0,be0,fs0,md0,wd0,DID02
262,UID262,sd1,fe0,be0,fs0,md0,wd0,DID02
263,UID263,sd0,fe0,be0,fs0,md0,wd0,DID01
264,UID264,sd1,fe0,be0,fs0,md0,wd0,DID01
265,UID265,sd0,fe0,be0,fs0,md0,wd0,DID02
266,UID266,sd0,fe0,be0,fs0,md0,wd1,DID02
267,UID267,sd0,fe0,be0,fs0,md0,wd1,DID01
268,UID268,sd1,fe0,be0,fs0,md0,wd1,DID02
269,UID269,sd1,fe0,be0,fs0,md0,wd1,DID01
270,UID270,sd1,fe0,be0,fs1,md0,wd1,DID02
271,UID271,sd0,fe0,be0,fs1,md0,wd1,DID02
272,UID272,sd0,fe0,be0,fs0,md1,wd1,DID02
273,UID273,sd0,fe0,be0,fs0,md1,wd1,DID02
274,UID274,sd1,fe0,be0,fs0,md0,wd0,DID02
275,UID275,sd0,fe0,be0,fs0,md1,wd1,DID02
276,UID276,sd1,fe0,be0,fs0,md0,wd0,DID02
277,UID277,sd0,fe0,be0,fs0,md1,wd1,DID02
278,UID278,sd1,fe0,be0,fs0,md1,wd1,DID02
279,UID279,sd1,fe0,be0,fs0,md0,wd0,DID02
280,UID280,sd0,fe0,be0,fs0,md0,wd0,DID01
281,UID281,sd0,fe0,be0,fs0,md0,wd0,DID03
282,UID282,sd1,fe0,be0,fs0,md0,wd1,DID01
283,UID283,sd1,fe0,be0,fs0,md0,wd1,DID01
284,UID284,sd0,fe0,be0,fs0,md0,wd1,DID03
285,UID285,sd1,fe0,be0,fs0,md0,wd0,DID03
286,UID286,sd0,fe0,be0,fs0,md0,wd0,DID01
287,UID287,sd1,fe0,be0,fs0,md0,wd0,DID03
288,UID288,sd0,fe0,be0,fs0,md0,wd1,DID01
289,UID289,sd0,fe0,be0,fs0,md0,wd1,DID01
290,UID290,sd1,fe0,be0,fs0,md0,wd1,DID01
291,UID291,sd0,fe0,be0,fs0,md0,wd0,DID01
292,UID292,sd1,fe0,be0,fs0,md0,wd0,DID01
293,UID293,sd1,fe0,be0,fs0,md0,wd0,DID01
294,UID294,sd0,fe0,be0,fs0,md0,wd0,DID02
295,UID295,sd0,fe0,be0,fs0,md0,wd0,DID01
296,UID296,sd1,fe0,be0,fs0,md0,wd0,DID02
297,UID297,sd0,fe0,be0,fs0,md0,wd0,DID02
298,UID298,sd1,fe0,be0,fs0,md0,wd0,DID01
299,UID299,sd0,fe0,be0,fs0,md0,wd0,DID01
300,UID300,sd1,fe0,be0,fs0,md0,wd0,DID02
301,UID301,sd0,fe0,be0,fs0,md0,wd0,DID01
302,UID302,sd0,fe0,be0,fs0,md0,wd0,DID02
303,UID303,sd0,fe0,be0,fs0,md0,wd0,DID02
304,UID304,sd1,fe0,be0,fs0,md0,wd0,DID02
305,UID305,sd1,fe0,be0,fs0,md0,wd0,DID01
306,UID306,sd0,fe0,be0,fs0,md0,wd0,DID01
307,UID307,sd1,fe0,be0,fs0,md0,wd0,DID01
308,UID308,sd1,fe0,be0,fs0,md0,wd0,DID02
309,UID309,sd0,fe0,be0,fs0,md0,wd0,DID01
310,UID310,sd1,fe0,be0,fs0,md0,wd1,DID02
311,UID311,sd1,fe0,be0,fs0,md0,wd1,DID01
312,UID312,sd0,fe0,be0,fs0,md0,wd1,DID01
313,UID313,sd1,fe0,be0,fs0,md0,wd0,DID01
314,UID314,sd0,fe0,be0,fs0,md0,wd0,DID02
315,UID315,sd1,fe0,be0,fs0,md0,wd0,DID02
316,UID316,sd1,fe0,be0,fs0,md0,wd1,DID02
317,UID317,sd0,fe0,be0,fs0,md0,wd1,DID02
318,UID318,sd1,fe0,be0,fs0,md0,wd1,DID02
319,UID319,sd1,fe0,be0,fs0,md0,wd0,DID01
320,UID320,sd0,fe0,be0,fs0,md0,wd1,DID01
321,UID321,sd1,fe0,be0,fs0,md0,wd1,DID01
322,UID322,sd1,fe0,be0,fs0,md0,wd1,DID01
323,UID323,sd1,fe0,be0,fs0,md0,wd0,DID01
324,UID324,sd0,fe0,be0,fs0,md0,wd0,DID01
325,UID325,sd1,fe0,be0,fs0,md0,wd0,DID01
326,UID326,sd0,fe0,be0,fs0,md0,wd1,DID01
327,UID327,sd1,fe0,be0,fs0,md0,wd1,DID01
328,UID328,sd1,fe0,be0,fs0,md0,wd1,DID02
329,UID329,sd0,fe0,be0,fs0,md0,wd0,DID01
330,UID330,sd1,fe0,be0,fs0,md0,wd1,DID02
331,UID331,sd0,fe0,be0,fs0,md0,wd1,DID02
332,UID332,sd0,fe0,be0,fs0,md0,wd1,DID02
333,UID333,sd1,fe0,be0,fs0,md0,wd0,DID02
334,UID334,sd0,fe0,be0,fs0,md0,wd0,DID02
335,UID335,sd0,fe0,be0,fs0,md0,wd0,DID02
336,UID336,sd0,fe0,be0,fs0,md0,wd1,DID02
337,UID337,sd1,fe0,be0,fs0,md0,wd1,DID02
338,UID338,sd1,fe0,be0,fs0,md0,wd1,DID02
339,UID339,sd0,fe0,be0,fs1,md0,wd1,DID02
340,UID340,sd1,fe0,be0,fs1,md0,wd1,DID02
341,UID341,sd0,fe0,be0,fs1,md0,wd1,DID02
342,UID342,sd0,fe0,be0,fs0,md1,wd1,DID02
343,UID343,sd1,fe0,be0,fs0,md1,wd1,DID02
344,UID344,sd1,fe0,be0,fs0,md0,wd0,DID02
345,UID345,sd0,fe0,be0,fs0,md1,wd1,DID02
346,UID346,sd1,fe0,be0,fs0,md0,wd0,DID02
347,UID347,sd0,fe0,be0,fs0,md1,wd1,DID02
348,UID348,sd1,fe0,be0,fs0,md1,wd1,DID02
349,UID349,sd0,fe0,be0,fs0,md0,wd0,DID02
350,UID350,sd1,fe0,be0,fs0,md0,wd0,DID02
351,UID351,sd1,fe0,be0,fs0,md1,wd0,DID02
352,UID352,sd0,fe0,be0,fs0,md1,wd0,DID02
353,UID353,sd1,fe0,be0,fs0,md1,wd0,DID02
354,UID354,sd0,fe0,be0,fs0,md1,wd0,DID02
355,UID355,sd1,fe0,be0,fs0,md1,wd0,DID02
356,UID356,sd1,fe0,be0,fs0,md1,wd0,DID02
357,UID357,sd0,fe0,be0,fs0,md1,wd0,DID02
358,UID358,sd0,fe0,be0,fs0,md1,wd0,DID02
359,UID359,sd1,fe0,be0,fs0,md1,wd0,DID02
360,UID360,sd0,fe0,be0,fs0,md1,wd0,DID02
361,UID361,sd1,fe0,be0,fs0,md1,wd0,DID02
362,UID362,sd1,fe0,be0,fs0,md1,wd0,DID02
363,UID363,sd1,fe0,be0,fs0,md1,wd0,DID02
364,UID364,sd0,fe0,be0,fs0,md1,wd0,DID02
365,UID365,sd1,fe0,be0,fs0,md1,wd0,DID02
366,UID366,sd0,fe0,be0,fs0,md1,wd0,DID02
367,UID367,sd1,fe0,be0,fs0,md1,wd0,DID02
368,UID368,sd0,fe0,be0,fs0,md1,wd0,DID02
369,UID369,sd1,fe0,be0,fs0,md1,wd0,DID02
370,UID370,sd0,fe0,be0,fs0,md0,wd0,DID02
371,UID371,sd0,fe0,be0,fs0,md0,wd0,DID02
372,UID372,sd0,fe0,be0,fs0,md0,wd0,DID02
373,UID373,sd0,fe0,be0,fs0,md0,wd0,DID02
374,UID374,sd0,fe0,be0,fs0,md0,wd0,DID03
375,UID375,sd0,fe0,be0,fs0,md0,wd0,DID03
376,UID376,sd0,fe0,be0,fs0,md0,wd0,DID03
377,UID377,sd0,fe0,be0,fs0,md0,wd0,DID03
378,UID378,sd0,fe0,be0,fs0,md0,wd0,DID03
379,UID379,sd0,fe0,be0,fs0,md0,wd0,DID03
380,UID380,sd0,fe0,be0,fs0,md0,wd0,DID03
381,UID381,sd0,fe0,be0,fs0,md0,wd0,DID03
382,UID382,sd0,fe0,be0,fs0,md0,wd0,DID03
383,UID383,sd0,fe0,be0,fs0,md0,wd0,DID03
384,UID384,sd0,fe0,be0,fs0,md0,wd0,DID03
385,UID385,sd0,fe0,be0,fs0,md0,wd0,DID01
386,UID386,sd0,fe0,be0,fs0,md0,wd0,DID01
387,UID387,sd0,fe0,be0,fs0,md0,wd0,DID03
388,UID388,sd0,fe0,be0,fs0,md0,wd0,DID01
389,UID389,sd0,fe0,be0,fs0,md0,wd0,DID03
390,UID390,sd0,fe0,be0,fs0,md0,wd0,DID03
391,UID391,sd0,fe0,be0,fs0,md0,wd0,DID03
392,UID392,sd0,fe0,be0,fs0,md0,wd0,DID03
393,UID393,sd0,fe0,be0,fs0,md0,wd0,DID03
394,UID394,sd0,fe0,be0,fs0,md0,wd0,DID01
395,UID395,sd0,fe0,be0,fs0,md0,wd0,DID03
396,UID396,sd0,fe0,be0,fs0,md0,wd0,DID01
397,UID397,sd0,fe0,be0,fs0,md0,wd0,DID03
398,UID398,sd0,fe0,be0,fs0,md0,wd0,DID03
399,UID399,sd0,fe0,be0,fs0,md0,wd0,DID01
400,UID400,sd0,fe0,be0,fs0,md0,wd0,DID01
401,UID401,sd0,fe0,be0,fs0,md0,wd0,DID01
402,UID402,sd0,fe0,be0,fs0,md0,wd0,DID03
403,UID403,sd0,fe0,be0,fs0,md0,wd0,DID03
404,UID404,sd0,fe0,be0,fs0,md0,wd0,DID01
405,UID405,sd0,fe0,be0,fs0,md0,wd0,DID03
406,UID406,sd0,fe0,be0,fs0,md0,wd0,DID03
407,UID407,sd0,fe0,be0,fs0,md0,wd0,DID01
408,UID408,sd0,fe0,be0,fs0,md0,wd0,DID03
409,UID409,sd0,fe0,be0,fs0,md0,wd0,DID01
410,UID410,sd0,fe0,be0,fs0,md0,wd0,DID03
411,UID411,sd0,fe0,be0,fs0,md0,wd0,DID01
412,UID412,sd0,fe0,be0,fs0,md0,wd0,DID03
413,UID413,sd0,fe0,be0,fs0,md0,wd0,DID03
414,UID414,sd0,fe0,be0,fs1,md0,wd0,DID01
415,UID415,sd0,fe0,be0,fs0,md0,wd0,DID03
416,UID416,sd0,fe0,be0,fs0,md0,wd0,DID03
417,UID417,sd0,fe0,be0,fs0,md0,wd0,DID01
418,UID418,sd0,fe0,be0,fs0,md0,wd0,DID01
419,UID419,sd0,fe0,be0,fs0,md0,wd0,DID01
420,UID420,sd0,fe0,be0,fs0,md0,wd0,DID03
421,UID421,sd0,fe0,be0,fs1,md0,wd0,DID01
422,UID422,sd1,fe0,be0,fs1,md0,wd0,DID02
423,UID423,sd0,fe0,be0,fs1,md0,wd0,DID02
424,UID424,sd1,fe0,be0,fs1,md0,wd0,DID02
425,UID425,sd0,fe0,be0,fs1,md0,wd0,DID01
426,UID426,sd1,fe0,be0,fs0,md0,wd0,DID01
427,UID427,sd0,fe0,be0,fs0,md0,wd0,DID02
428,UID428,sd0,fe0,be0,fs0,md0,wd0,DID01
429,UID429,sd1,fe0,be0,fs0,md0,wd0,DID02
430,UID430,sd1,fe0,be0,fs0,md0,wd0,DID02
431,UID431,sd0,fe0,be0,fs0,md1,wd0,DID02
432,UID432,sd0,fe0,be0,fs0,md1,wd0,DID02
433,UID433,sd1,fe0,be0,fs0,md1,wd0,DID02
434,UID434,sd1,fe0,be0,fs0,md1,wd0,DID02
435,UID435,sd1,fe0,be0,fs0,md1,wd0,DID02
436,UID436,sd0,fe0,be0,fs0,md1,wd0,DID01
437,UID437,sd0,fe0,be0,fs0,md0,wd0,DID02
438,UID438,sd0,fe0,be0,fs0,md0,wd0,DID02
439,UID439,sd1,fe0,be0,fs0,md0,wd0,DID02
440,UID440,sd0,fe0,be0,fs0,md0,wd0,DID01
441,UID441,sd1,fe0,be0,fs0,md0,wd0,DID01
442,UID442,sd0,fe0,be0,fs0,md0,wd0,DID02
443,UID443,sd0,fe0,be0,fs0,md0,wd0,DID02
444,UID444,sd1,fe0,be0,fs0,md0,wd0,DID02
445,UID445,sd0,fe0,be0,fs0,md0,wd0,DID02
446,UID446,sd0,fe0,be0,fs0,md0,wd0,DID02
447,UID447,sd1,fe0,be0,fs0,md0,wd0,DID01
448,UID448,sd0,fe0,be0,fs0,md0,wd0,DID01
449,UID449,sd1,fe0,be0,fs0,md0,wd0,DID01
450,UID450,sd0,fe0,be0,fs0,md0,wd0,DID02
451,UID451,sd0,fe0,be0,fs0,md0,wd0,DID01
452,UID452,sd0,fe0,be0,fs0,md0,wd0,DID02
453,UID453,sd0,fe0,be0,fs0,md0,wd0,DID01
454,UID454,sd0,fe0,be0,fs0,md0,wd0,DID02
455,UID455,sd0,fe0,be0,fs0,md0,wd0,DID01
456,UID456,sd0,fe0,be0,fs0,md0,wd0,DID02
457,UID457,sd0,fe0,be0,fs0,md0,wd0,DID01
458,UID458,sd0,fe0,be0,fs0,md0,wd0,DID02
459,UID459,sd0,fe0,be0,fs0,md0,wd0,DID02
460,UID460,sd0,fe0,be0,fs0,md0,wd0,DID01
461,UID461,sd0,fe0,be0,fs0,md1,wd0,DID01
462,UID462,sd1,fe0,be0,fs0,md1,wd0,DID02
463,UID463,sd0,fe0,be0,fs0,md1,wd0,DID02
464,UID464,sd0,fe0,be0,fs0,md1,wd0,DID01
465,UID465,sd0,fe0,be0,fs0,md1,wd0,DID01
466,UID466,sd0,fe0,be0,fs0,md1,wd0,DID02
467,UID467,sd0,fe0,be0,fs0,md1,wd0,DID01
468,UID468,sd0,fe0,be0,fs0,md1,wd0,DID01
469,UID469,sd0,fe0,be0,fs1,md0,wd0,DID01
470,UID470,sd0,fe0,be0,fs1,md0,wd0,DID02
471,UID471,sd0,fe0,be0,fs1,md0,wd0,DID02
472,UID472,sd0,fe0,be0,fs1,md0,wd0,DID02
473,UID473,sd0,fe0,be0,fs1,md0,wd0,DID01
474,UID474,sd0,fe0,be0,fs1,md0,wd0,DID02
475,UID475,sd0,fe0,be0,fs1,md0,wd0,DID02
476,UID476,sd0,fe0,be0,fs1,md0,wd0,DID01
477,UID477,sd1,fe0,be0,fs0,md0,wd0,DID02
478,UID478,sd1,fe0,be0,fs0,md0,wd0,DID01
479,UID479,sd1,fe0,be0,fs0,md0,wd0,DID02
480,UID480,sd1,fe0,be0,fs0,md0,wd0,DID01
481,UID481,sd1,fe0,be0,fs0,md0,wd0,DID02
482,UID482,sd1,fe0,be0,fs0,md0,wd0,DID02
483,UID483,sd1,fe0,be0,fs0,md0,wd0,DID01
484,UID484,sd1,fe0,be0,fs0,md0,wd0,DID02
485,UID485,sd1,fe0,be0,fs0,md0,wd0,DID02
486,UID486,sd1,fe0,be0,fs0,md0,wd0,DID02
487,UID487,sd1,fe1,be0,fs0,md0,wd0,DID02
488,UID488,sd1,fe1,be0,fs0,md0,wd0,DID02
489,UID489,sd1,fe1,be0,fs0,md0,wd0,DID01
490,UID490,sd1,fe1,be0,fs0,md0,wd0,DID01
491,UID491,sd1,fe1,be0,fs0,md0,wd0,DID01
492,UID492,sd1,fe0,be1,fs0,md0,wd0,DID02
493,UID493,sd1,fe0,be1,fs0,md0,wd0,DID01
494,UID494,sd1,fe0,be1,fs0,md0,wd0,DID02
495,UID495,sd1,fe0,be1,fs0,md0,wd0,DID01
496,UID496,sd1,fe0,be1,fs0,md0,wd0,DID02
497,UID497,sd1,fe0,be0,fs1,md0,wd0,DID02
498,UID498,sd1,fe0,be0,fs1,md0,wd0,DID02
499,UID499,sd1,fe0,be0,fs1,md0,wd0,DID02
500,UID500,sd1,fe0,be0,fs1,md0,wd0,DID02
501,UID501,sd1,fe0,be0,fs1,md0,wd0,DID01
502,UID502,sd1,fe0,be0,fs1,md0,wd0,DID02
503,UID503,sd1,fe0,be0,fs0,md1,wd0,DID02
504,UID504,sd1,fe0,be0,fs0,md1,wd0,DID02
505,UID505,sd1,fe0,be0,fs0,md1,wd0,DID02
506,UID506,sd1,fe0,be0,fs0,md1,wd0,DID02
507,UID507,sd1,fe0,be0,fs0,md1,wd0,DID02
508,UID508,sd1,fe0,be0,fs0,md1,wd0,DID02
509,UID509,sd1,fe0,be0,fs0,md1,wd0,DID02
510,UID510,sd1,fe0,be0,fs1,md0,wd0,DID01
511,UID511,sd1,fe0,be0,fs1,md0,wd0,DID02
512,UID512,sd1,fe1,be0,fs0,md0,wd0,DID02
513,UID513,sd1,fe1,be0,fs0,md0,wd0,DID01
514,UID514,sd1,fe1,be0,fs0,md0,wd0,DID02
515,UID515,sd1,fe0,be1,fs0,md0,wd0,DID02
516,UID516,sd1,fe0,be1,fs0,md0,wd0,DID02
517,UID517,sd1,fe0,be1,fs0,md0,wd0,DID02
518,UID518,sd1,fe0,be1,fs0,md0,wd0,DID02
519,UID519,sd1,fe0,be0,fs0,md1,wd0,DID01
520,UID520,sd1,fe0,be0,fs0,md1,wd0,DID01
521,UID521,sd1,fe0,be0,fs0,md0,wd0,DID01
522,UID522,sd1,fe0,be0,fs0,md0,wd0,DID02
523,UID523,sd1,fe0,be0,fs0,md0,wd0,DID02
524,UID524,sd1,fe0,be0,fs0,md0,wd0,DID02
525,UID525,sd1,fe0,be0,fs0,md0,wd0,DID01
526,UID526,sd1,fe0,be0,fs0,md0,wd0,DID02
527,UID527,sd1,fe0,be0,fs1,md0,wd0,DID02
528,UID528,sd1,fe0,be0,fs1,md0,wd0,DID02
529,UID529,sd1,fe0,be0,fs1,md0,wd0,DID02
530,UID530,sd1,fe0,be0,fs1,md0,wd0,DID02
531,UID531,sd1,fe0,be0,fs1,md0,wd0,DID02
532,UID532,sd1,fe0,be0,fs1,md0,wd0,DID02
533,UID533,sd1,fe1,be0,fs0,md0,wd0,DID02
534,UID534,sd1,fe1,be0,fs0,md0,wd0,DID02
535,UID535,sd1,fe1,be0,fs0,md0,wd0,DID02
536,UID536,sd0,fe0,be0,fs0,md0,wd0,DID03
537,UID537,sd0,fe0,be0,fs0,md0,wd0,DID03
538,UID538,sd0,fe0,be0,fs0,md0,wd0,DID03
539,UID539,sd0,fe0,be0,fs0,md0,wd0,DID03
540,UID540,sd0,fe0,be0,fs0,md0,wd0,DID03
541,UID541,sd0,fe0,be0,fs0,md0,wd0,DID03
542,UID542,sd0,fe0,be0,fs0,md0,wd0,DID03
543,UID543,sd0,fe0,be0,fs0,md0,wd0,DID03
544,UID544,sd0,fe0,be0,fs0,md0,wd0,DID03
545,UID545,sd0,fe0,be0,fs0,md0,wd0,DID03
546,UID546,sd0,fe0,be0,fs0,md0,wd0,DID03
547,UID547,sd0,fe0,be0,fs0,md0,wd0,DID03
548,UID548,sd0,fe0,be0,fs0,md0,wd0,DID03
549,UID549,sd0,fe0,be0,fs0,md0,wd0,DID03
550,UID550,sd0,fe0,be0,fs0,md0,wd0,DID03
551,UID551,sd0,fe0,be0,fs0,md0,wd0,DID03
552,UID552,sd0,fe0,be0,fs1,md0,wd0,DID02
553,UID553,sd0,fe0,be0,fs1,md0,wd0,DID02
554,UID554,sd0,fe0,be0,fs1,md0,wd0,DID02
555,UID555,sd0,fe0,be0,fs1,md0,wd0,DID02
556,UID556,sd0,fe0,be0,fs1,md0,wd0,DID02
557,UID557,sd0,fe0,be0,fs1,md0,wd0,DID02
558,UID558,sd0,fe0,be1,fs0,md0,wd0,DID02
559,UID559,sd0,fe0,be1,fs0,md0,wd0,DID02
560,UID560,sd0,fe0,be1,fs0,md0,wd0,DID02
561,UID561,sd0,fe0,be1,fs0,md0,wd0,DID02
562,UID562,sd0,fe0,be1,fs0,md0,wd0,DID02
563,UID563,sd0,fe0,be1,fs0,md0,wd0,DID02
564,UID564,sd0,fe0,be1,fs0,md0,wd0,DID02
565,UID565,sd0,fe0,be1,fs0,md0,wd0,DID02
566,UID566,sd0,fe0,be0,fs0,md1,wd0,DID02
567,UID567,sd0,fe0,be0,fs0,md1,wd0,DID02
568,UID568,sd0,fe0,be0,fs0,md0,wd0,DID03
569,UID569,sd0,fe0,be0,fs0,md1,wd0,DID02
570,UID570,sd0,fe0,be0,fs0,md1,wd0,DID02
571,UID571,sd0,fe0,be0,fs0,md1,wd0,DID01
572,UID572,sd0,fe0,be0,fs0,md0,wd0,DID03
573,UID573,sd0,fe0,be0,fs0,md0,wd0,DID03
574,UID574,sd0,fe0,be1,fs0,md0,wd0,DID02
575,UID575,sd0,fe0,be1,fs0,md0,wd0,DID01
576,UID576,sd0,fe0,be0,fs0,md0,wd0,DID03
577,UID577,sd0,fe0,be1,fs0,md0,wd0,DID02
578,UID578,sd0,fe0,be0,fs0,md0,wd0,DID03
579,UID579,sd0,fe0,be0,fs0,md0,wd0,DID03
580,UID580,sd0,fe0,be0,fs0,md1,wd1,DID02
581,UID581,sd0,fe0,be0,fs0,md1,wd1,DID02
582,UID582,sd0,fe0,be0,fs0,md1,wd1,DID01
583,UID583,sd0,fe0,be0,fs0,md1,wd1,DID02
584,UID584,sd0,fe0,be0,fs0,md1,wd1,DID02
585,UID585,sd0,fe0,be0,fs0,md1,wd0,DID01
586,UID586,sd0,fe0,be0,fs0,md1,wd0,DID01
587,UID587,sd0,fe0,be0,fs0,md1,wd0,DID01
588,UID588,sd0,fe0,be0,fs1,md0,wd0,DID02
589,UID589,sd0,fe0,be0,fs1,md0,wd0,DID01
590,UID590,sd0,fe1,be0,fs0,md0,wd0,DID02
591,UID591,sd0,fe0,be0,fs0,md1,wd0,DID02
592,UID592,sd0,fe0,be0,fs1,md0,wd0,DID02
593,UID593,sd0,fe0,be0,fs1,md0,wd0,DID01
594,UID594,sd0,fe1,be0,fs0,md0,wd0,DID01
595,UID595,sd0,fe0,be0,fs0,md1,wd0,DID02
596,UID596,sd0,fe0,be0,fs0,md1,wd0,DID01
597,UID597,sd0,fe0,be0,fs0,md1,wd0,DID02
598,UID598,sd0,fe0,be0,fs0,md1,wd0,DID01
599,UID599,sd0,fe0,be0,fs0,md1,wd0,DID01
600,UID600,sd0,fe0,be0,fs0,md1,wd1,DID02
601,UID601,sd0,fe0,be0,fs0,md1,wd1,DID02
602,UID602,sd0,fe0,be0,fs0,md1,wd1,DID02
603,UID603,sd0,fe0,be0,fs0,md1,wd1,DID01
604,UID604,sd0,fe0,be0,fs0,md1,wd1,DID02
605,UID605,sd0,fe0,be0,fs0,md1,wd0,DID02
606,UID606,sd0,fe0,be0,fs0,md1,wd0,DID01
607,UID607,sd0,fe0,be0,fs0,md1,wd1,DID02
608,UID608,sd0,fe0,be0,fs0,md1,wd1,DID01
609,UID609,sd0,fe0,be0,fs0,md1,wd1,DID01
610,UID610,sd0,fe0,be0,fs0,md1,wd1,DID02
611,UID611,sd0,fe0,be0,fs0,md1,wd1,DID01
612,UID612,sd0,fe0,be0,fs0,md1,wd0,DID03
613,UID613,sd0,fe0,be0,fs0,md1,wd0,DID01
614,UID614,sd0,fe0,be0,fs0,md0,wd0,DID03
615,UID615,sd0,fe0,be0,fs0,md1,wd0,DID03
616,UID616,sd0,fe0,be0,fs0,md1,wd0,DID01
617,UID617,sd0,fe0,be0,fs0,md0,wd0,DID03
618,UID618,sd0,fe0,be0,fs0,md0,wd0,DID03
619,UID619,sd0,fe0,be0,fs0,md0,wd0,DID03
620,UID620,sd0,fe0,be0,fs0,md0,wd0,DID03
621,UID621,sd0,fe0,be0,fs0,md1,wd0,DID01
622,UID622,sd0,fe0,be0,fs0,md0,wd0,DID03
623,UID623,sd0,fe0,be0,fs0,md0,wd0,DID03
624,UID624,sd0,fe0,be0,fs0,md1,wd0,DID03
625,UID625,sd0,fe0,be0,fs0,md0,wd0,DID03
626,UID626,sd0,fe0,be0,fs0,md0,wd0,DID03
627,UID627,sd0,fe0,be0,fs0,md1,wd1,DID03
628,UID628,sd0,fe0,be0,fs0,md1,wd1,DID01
629,UID629,sd0,fe0,be0,fs0,md1,wd1,DID03
630,UID630,sd0,fe0,be0,fs0,md1,wd1,DID03
631,UID631,sd0,fe0,be0,fs0,md1,wd1,DID03
632,UID632,sd0,fe0,be0,fs0,md0,wd0,DID03
633,UID633,sd0,fe0,be0,fs0,md1,wd0,DID01
634,UID634,sd0,fe0,be0,fs0,md0,wd0,DID03
635,UID635,sd0,fe0,be0,fs0,md0,wd0,DID03
636,UID636,sd0,fe0,be0,fs0,md1,wd1,DID01
637,UID637,sd0,fe0,be0,fs0,md1,wd1,DID03
638,UID638,sd0,fe0,be0,fs0,md0,wd0,DID03
639,UID639,sd0,fe0,be0,fs0,md1,wd1,DID01
640,UID640,sd0,fe0,be0,fs0,md0,wd0,DID03
641,UID641,sd0,fe0,be0,fs0,md1,wd1,DID03
642,UID642,sd0,fe0,be0,fs0,md0,wd0,DID03
643,UID643,sd0,fe0,be0,fs0,md1,wd0,DID01
644,UID644,sd0,fe0,be0,fs0,md1,wd0,DID01
645,UID645,sd0,fe0,be0,fs0,md1,wd0,DID03
646,UID646,sd0,fe0,be0,fs0,md0,wd0,DID03
647,UID647,sd0,fe0,be0,fs0,md0,wd0,DID03
648,UID648,sd0,fe0,be0,fs0,md0,wd0,DID03
649,UID649,sd0,fe0,be0,fs0,md1,wd1,DID03
650,UID650,sd0,fe0,be0,fs0,md1,wd1,DID01
651,UID651,sd0,fe0,be0,fs0,md0,wd0,DID03
652,UID652,sd0,fe0,be0,fs0,md1,wd1,DID03
653,UID653,sd0,fe0,be0,fs0,md0,wd0,DID03
654,UID654,sd0,fe0,be0,fs0,md1,wd1,DID01
655,UID655,sd0,fe0,be0,fs0,md0,wd0,DID03
656,UID656,sd0,fe0,be0,fs0,md1,wd1,DID02
657,UID657,sd0,fe0,be0,fs0,md1,wd1,DID02
658,UID658,sd0,fe0,be0,fs0,md1,wd1,DID02
659,UID659,sd0,fe0,be0,fs0,md1,wd1,DID02
660,UID660,sd0,fe0,be0,fs0,md1,wd1,DID02
661,UID661,sd0,fe0,be0,fs0,md0,wd0,DID02
662,UID662,sd0,fe0,be0,fs0,md0,wd0,DID02
663,UID663,sd0,fe0,be0,fs0,md1,wd0,DID02
664,UID664,sd0,fe0,be0,fs0,md1,wd0,DID02
665,UID665,sd0,fe0,be0,fs0,md1,wd0,DID02
666,UID666,sd0,fe0,be0,fs0,md1,wd0,DID02
667,UID667,sd0,fe0,be0,fs0,md0,wd0,DID02
668,UID668,sd0,fe0,be0,fs0,md0,wd0,DID02
669,UID669,sd0,fe0,be0,fs0,md0,wd0,DID01
670,UID670,sd0,fe0,be0,fs0,md0,wd0,DID02
671,UID671,sd0,fe0,be0,fs0,md0,wd0,DID01
672,UID672,sd0,fe0,be0,fs0,md0,wd0,DID01
673,UID673,sd0,fe0,be0,fs0,md0,wd0,DID01
674,UID674,sd0,fe0,be0,fs0,md0,wd0,DID02
675,UID675,sd0,fe0,be0,fs0,md0,wd0,DID01
676,UID676,sd0,fe0,be0,fs0,md1,wd0,DID02
677,UID677,sd0,fe0,be0,fs0,md1,wd0,DID02
678,UID678,sd0,fe0,be0,fs0,md1,wd0,DID02
679,UID679,sd0,fe0,be0,fs0,md0,wd0,DID02
680,UID680,sd0,fe0,be0,fs0,md0,wd0,DID03
681,UID681,sd0,fe0,be0,fs0,md0,wd0,DID03
682,UID682,sd0,fe0,be0,fs0,md0,wd0,DID03
683,UID683,sd0,fe0,be0,fs0,md0,wd0,DID03
684,UID684,sd0,fe0,be0,fs0,md0,wd0,DID03
685,UID685,sd0,fe0,be0,fs0,md0,wd0,DID03
686,UID686,sd0,fe0,be0,fs0,md0,wd0,DID03
687,UID687,sd0,fe0,be0,fs0,md0,wd0,DID03
688,UID688,sd0,fe0,be0,fs0,md0,wd0,DID03
689,UID689,sd0,fe0,be0,fs0,md0,wd0,DID03
690,UID690,sd0,fe0,be0,fs0,md0,wd0,DID03
691,UID691,sd0,fe0,be0,fs0,md0,wd0,DID03
692,UID692,sd0,fe0,be0,fs0,md0,wd0,DID03
693,UID693,sd0,fe0,be0,fs0,md0,wd0,DID03
694,UID694,sd0,fe0,be0,fs0,md0,wd0,DID02
695,UID695,sd0,fe0,be0,fs0,md0,wd0,DID02
696,UID696,sd0,fe0,be0,fs0,md1,wd0,DID02
697,UID697,sd0,fe0,be0,fs0,md0,wd0,DID01
698,UID698,sd0,fe0,be0,fs0,md1,wd0,DID02
699,UID699,sd0,fe0,be0,fs0,md0,wd0,DID02
700,UID700,sd0,fe0,be0,fs0,md0,wd0,DID02
701,UID701,sd0,fe0,be0,fs0,md0,wd0,DID01
702,UID702,sd0,fe0,be0,fs0,md0,wd0,DID02
703,UID703,sd0,fe0,be0,fs0,md0,wd0,DID02
704,UID704,sd0,fe0,be0,fs0,md0,wd0,DID02
705,UID705,sd0,fe0,be0,fs0,md0,wd0,DID02
706,UID706,sd0,fe0,be0,fs0,md0,wd0,DID01
707,UID707,sd0,fe0,be0,fs0,md1,wd0,DID01
708,UID708,sd0,fe0,be0,fs0,md0,wd0,DID02
709,UID709,sd0,fe0,be0,fs0,md1,wd0,DID02
710,UID710,sd0,fe0,be0,fs0,md1,wd0,DID01
711,UID711,sd0,fe0,be0,fs0,md1,wd0,DID02
712,UID712,sd0,fe0,be0,fs1,md0,wd0,DID01
713,UID713,sd0,fe0,be0,fs1,md0,wd0,DID02
714,UID714,sd0,fe1,be0,fs0,md0,wd0,DID01
715,UID715,sd0,fe1,be0,fs0,md0,wd0,DID01
716,UID716,sd0,fe0,be0,fs0,md1,wd0,DID02
717,UID717,sd0,fe0,be0,fs0,md1,wd0,DID01
718,UID718,sd0,fe0,be0,fs1,md0,wd0,DID01
719,UID719,sd0,fe0,be0,fs1,md0,wd0,DID02
720,UID720,sd0,fe1,be0,fs0,md0,wd0,DID02
721,UID721,sd0,fe1,be0,fs0,md0,wd0,DID02
722,UID722,sd0,fe0,be0,fs0,md1,wd0,DID01
723,UID723,sd0,fe0,be0,fs0,md0,wd0,DID03
724,UID724,sd0,fe0,be0,fs1,md0,wd0,DID01
725,UID725,sd0,fe1,be0,fs0,md0,wd0,DID02
726,UID726,sd0,fe0,be0,fs0,md1,wd0,DID01
727,UID727,sd0,fe0,be0,fs0,md0,wd0,DID03
728,UID728,sd0,fe0,be0,fs0,md1,wd0,DID01
729,UID729,sd0,fe0,be0,fs0,md1,wd0,DID02
730,UID730,sd0,fe0,be0,fs0,md1,wd0,DID01
731,UID731,sd0,fe0,be0,fs1,md0,wd0,DID02
732,UID732,sd0,fe0,be0,fs1,md0,wd0,DID01
733,UID733,sd0,fe1,be0,fs0,md0,wd0,DID02
734,UID734,sd0,fe1,be0,fs0,md0,wd0,DID01
735,UID735,sd0,fe1,be0,fs0,md0,wd0,DID02
736,UID736,sd0,fe1,be0,fs0,md0,wd0,DID01
737,UID737,sd0,fe1,be0,fs0,md0,wd0,DID01
738,UID738,sd0,fe1,be0,fs0,md0,wd0,DID02
739,UID739,sd0,fe0,be0,fs1,md0,wd0,DID02
740,UID740,sd0,fe0,be0,fs1,md0,wd0,DID01
741,UID741,sd0,fe0,be0,fs1,md0,wd0,DID02
742,UID742,sd0,fe1,be0,fs0,md0,wd0,DID01
743,UID743,sd1,fe1,be0,fs0,md0,wd0,DID01
744,UID744,sd1,fe0,be0,fs0,md1,wd1,DID01
745,UID745,sd0,fe0,be0,fs0,md1,wd1,DID01
746,UID746,sd0,fe1,be0,fs0,md0,wd0,DID01
747,UID747,sd1,fe1,be0,fs0,md0,wd0,DID01
748,UID748,sd1,fe1,be0,fs0,md0,wd0,DID01
749,UID749,sd0,fe1,be0,fs0,md0,wd0,DID01
750,UID750,sd0,fe0,be0,fs0,md1,wd1,DID01
751,UID751,sd0,fe0,be0,fs0,md1,wd1,DID01
752,UID752,sd1,fe0,be0,fs0,md1,wd1,DID01
753,UID753,sd1,fe0,be0,fs0,md1,wd1,DID01
754,UID754,sd1,fe0,be0,fs0,md1,wd1,DID01
755,UID755,sd0,fe0,be0,fs0,md1,wd1,DID01
756,UID756,sd0,fe0,be0,fs0,md1,wd1,DID01
757,UID757,sd0,fe1,be0,fs0,md0,wd0,DID01
758,UID758,sd1,fe1,be0,fs0,md0,wd0,DID01
759,UID759,sd0,fe0,be0,fs1,md0,wd0,DID01
760,UID760,sd0,fe0,be0,fs1,md0,wd0,DID01
761,UID761,sd1,fe0,be0,fs1,md0,wd0,DID01
762,UID762,sd0,fe1,be0,fs0,md0,wd0,DID01
763,UID763,sd1,fe1,be0,fs0,md0,wd0,DID01
764,UID764,sd0,fe1,be0,fs0,md0,wd0,DID01
765,UID765,sd1,fe1,be0,fs0,md0,wd0,DID01
766,UID766,sd0,fe0,be0,fs0,md1,wd1,DID01
767,UID767,sd1,fe0,be0,fs0,md1,wd1,DID01
768,UID768,sd1,fe0,be0,fs0,md1,wd1,DID01
769,UID769,sd1,fe0,be0,fs0,md1,wd1,DID01
770,UID770,sd0,fe0,be0,fs0,md1,wd1,DID01
771,UID771,sd1,fe0,be0,fs1,md0,wd0,DID01
772,UID772,sd0,fe0,be0,fs1,md0,wd0,DID01
773,UID773,sd1,fe0,be0,fs1,md0,wd0,DID01
774,UID774,sd0,fe0,be0,fs1,md0,wd0,DID01
775,UID775,sd0,fe1,be0,fs0,md0,wd0,DID01
776,UID776,sd1,fe1,be0,fs0,md0,wd0,DID01
777,UID777,sd1,fe1,be0,fs0,md0,wd0,DID01
778,UID778,sd0,fe0,be0,fs0,md0,wd0,DID02
779,UID779,sd0,fe0,be0,fs0,md0,wd0,DID02
780,UID780,sd0,fe0,be0,fs0,md0,wd0,DID02
781,UID781,sd0,fe0,be0,fs0,md0,wd0,DID02
782,UID782,sd1,fe1,be0,fs0,md0,wd0,DID02
783,UID783,sd1,fe1,be0,fs0,md0,wd0,DID02
784,UID784,sd0,fe1,be0,fs0,md0,wd0,DID02
785,UID785,sd1,fe1,be0,fs0,md0,wd0,DID02
786,UID786,sd0,fe1,be0,fs0,md0,wd0,DID02
787,UID787,sd0,fe1,be0,fs0,md0,wd0,DID02
788,UID788,sd0,fe1,be0,fs0,md0,wd0,DID02
789,UID789,sd1,fe1,be0,fs0,md0,wd0,DID02
790,UID790,sd1,fe0,be0,fs0,md1,wd1,DID02
791,UID791,sd1,fe0,be0,fs0,md1,wd1,DID02
792,UID792,sd0,fe0,be0,fs0,md1,wd1,DID02
793,UID793,sd1,fe0,be0,fs0,md1,wd1,DID02
794,UID794,sd0,fe0,be0,fs0,md1,wd1,DID02
795,UID795,sd1,fe0,be0,fs0,md0,wd0,DID02
796,UID796,sd0,fe0,be0,fs0,md0,wd0,DID02
797,UID797,sd1,fe0,be0,fs0,md0,wd0,DID01
798,UID798,sd0,fe0,be0,fs0,md0,wd0,DID01
799,UID799,sd0,fe0,be0,fs0,md0,wd0,DID02
800,UID800,sd1,fe0,be0,fs0,md0,wd0,DID02
801,UID801,sd0,fe0,be0,fs0,md0,wd0,DID01
802,UID802,sd1,fe0,be0,fs0,md0,wd0,DID02
803,UID803,sd1,fe0,be0,fs0,md0,wd0,DID01
804,UID804,sd0,fe0,be0,fs0,md0,wd0,DID01
805,UID805,sd1,fe0,be0,fs0,md0,wd0,DID02
806,UID806,sd0,fe0,be0,fs0,md0,wd0,DID02
807,UID807,sd1,fe0,be0,fs0,md0,wd0,DID01
808,UID808,sd1,fe0,be0,fs0,md0,wd0,DID02
809,UID809,sd1,fe0,be0,fs0,md0,wd0,DID01
810,UID810,sd0,fe1,be0,fs0,md0,wd0,DID01
811,UID811,sd1,fe1,be0,fs0,md0,wd0,DID01
812,UID812,sd1,fe1,be0,fs0,md0,wd0,DID02
813,UID813,sd0,fe1,be0,fs0,md0,wd0,DID01
814,UID814,sd1,fe0,be0,fs0,md1,wd1,DID01
815,UID815,sd1,fe0,be0,fs0,md1,wd1,DID02
816,UID816,sd0,fe0,be0,fs0,md1,wd1,DID01
817,UID817,sd1,fe0,be0,fs0,md1,wd1,DID02
818,UID818,sd1,fe0,be0,fs0,md1,wd1,DID01
819,UID819,sd0,fe1,be0,fs0,md0,wd0,DID02
820,UID820,sd1,fe1,be0,fs0,md0,wd0,DID02
821,UID821,sd1,fe0,be0,fs0,md1,wd1,DID01
822,UID822,sd0,fe0,be0,fs0,md1,wd1,DID02
823,UID823,sd0,fe0,be0,fs0,md0,wd0,DID02
824,UID824,sd0,fe0,be0,fs0,md0,wd0,DID01
825,UID825,sd1,fe0,be0,fs0,md0,wd0,DID02
826,UID826,sd1,fe0,be0,fs0,md0,wd0,DID01
827,UID827,sd0,fe0,be0,fs0,md0,wd0,DID02
828,UID828,sd1,fe0,be0,fs0,md0,wd0,DID02
829,UID829,sd0,fe0,be0,fs0,md0,wd0,DID01
830,UID830,sd0,fe0,be0,fs0,md0,wd0,DID02
831,UID831,sd0,fe1,be0,fs0,md0,wd0,DID01
832,UID832,sd0,fe1,be0,fs0,md0,wd0,DID01
833,UID833,sd1,fe0,be0,fs0,md1,wd1,DID01
834,UID834,sd1,fe0,be0,fs0,md1,wd1,DID01
835,UID835,sd0,fe1,be0,fs0,md0,wd0,DID01
836,UID836,sd0,fe1,be0,fs0,md0,wd0,DID01
837,UID837,sd0,fe0,be0,fs0,md1,wd1,DID01
838,UID838,sd1,fe0,be0,fs0,md1,wd1,DID01
839,UID839,sd0,fe0,be0,fs0,md0,wd0,DID01
840,UID840,sd1,fe0,be0,fs0,md0,wd0,DID02
841,UID841,sd0,fe0,be0,fs0,md0,wd0,DID01
842,UID842,sd0,fe0,be0,fs0,md0,wd0,DID01
843,UID843,sd1,fe1,be0,fs0,md0,wd0,DID02
844,UID844,sd1,fe1,be0,fs0,md0,wd0,DID02
845,UID845,sd0,fe0,be0,fs0,md1,wd1,DID01
846,UID846,sd1,fe0,be0,fs0,md1,wd1,DID02
847,UID847,sd0,fe1,be0,fs0,md0,wd0,DID01
848,UID848,sd1,fe1,be0,fs0,md0,wd0,DID01
849,UID849,sd0,fe1,be0,fs0,md0,wd0,DID01
850,UID850,sd1,fe1,be0,fs0,md0,wd0,DID02
851,UID851,sd0,fe0,be0,fs0,md1,wd1,DID02
852,UID852,sd1,fe0,be0,fs0,md1,wd1,DID01
853,UID853,sd1,fe0,be0,fs0,md1,wd1,DID02
854,UID854,sd1,fe0,be0,fs0,md1,wd1,DID01
855,UID855,sd1,fe0,be0,fs0,md1,wd1,DID02
856,UID856,sd1,fe0,be0,fs0,md0,wd0,DID01
857,UID857,sd1,fe0,be0,fs0,md0,wd0,DID01
858,UID858,sd1,fe0,be0,fs0,md0,wd0,DID02
859,UID859,sd0,fe0,be0,fs0,md0,wd0,DID03
860,UID860,sd0,fe0,be0,fs0,md0,wd0,DID01
861,UID861,sd1,fe0,be0,fs0,md0,wd0,DID02
862,UID862,sd1,fe0,be0,fs0,md0,wd0,DID02
863,UID863,sd0,fe0,be0,fs0,md0,wd0,DID02
864,UID864,sd1,fe0,be0,fs0,md0,wd0,DID02
865,UID865,sd0,fe0,be0,fs0,md0,wd0,DID02
866,UID866,sd1,fe0,be0,fs0,md0,wd0,DID02
867,UID867,sd1,fe0,be0,fs0,md1,wd1,DID02
868,UID868,sd0,fe0,be0,fs0,md1,wd1,DID02
869,UID869,sd1,fe0,be0,fs0,md1,wd1,DID02
870,UID870,sd1,fe0,be0,fs0,md1,wd1,DID02
871,UID871,sd0,fe0,be0,fs0,md1,wd1,DID03
872,UID872,sd0,fe0,be0,fs0,md0,wd0,DID03
873,UID873,sd0,fe0,be0,fs0,md0,wd0,DID03
874,UID874,sd0,fe0,be0,fs0,md0,wd0,DID03
875,UID875,sd0,fe0,be0,fs0,md0,wd0,DID03
876,UID876,sd0,fe0,be0,fs0,md0,wd0,DID03
877,UID877,sd0,fe0,be0,fs0,md0,wd0,DID03
878,UID878,sd0,fe0,be0,fs0,md0,wd0,DID03
879,UID879,sd0,fe0,be0,fs0,md0,wd0,DID03
880,UID880,sd0,fe0,be0,fs0,md0,wd0,DID03
881,UID881,sd0,fe0,be0,fs0,md0,wd0,DID01
882,UID882,sd1,fe0,be0,fs0,md0,wd0,DID01
883,UID883,sd0,fe0,be0,fs0,md0,wd0,DID01
884,UID884,sd0,fe0,be0,fs0,md0,wd0,DID01
885,UID885,sd1,fe0,be0,fs0,md1,wd1,DID01
886,UID886,sd1,fe0,be0,fs0,md1,wd1,DID01
887,UID887,sd1,fe0,be0,fs0,md1,wd1,DID01
888,UID888,sd0,fe0,be0,fs0,md1,wd1,DID01
889,UID889,sd1,fe0,be0,fs0,md1,wd1,DID01
890,UID890,sd0,fe0,be0,fs0,md1,wd1,DID01
891,UID891,sd0,fe0,be0,fs0,md0,wd0,DID03
892,UID892,sd0,fe0,be0,fs0,md0,wd0,DID03
893,UID893,sd0,fe0,be0,fs0,md0,wd0,DID03
894,UID894,sd0,fe0,be0,fs0,md0,wd0,DID03
895,UID895,sd0,fe0,be0,fs0,md0,wd0,DID03
896,UID896,sd0,fe0,be0,fs0,md0,wd0,DID03
897,UID897,sd0,fe0,be0,fs0,md0,wd0,DID03
898,UID898,sd0,fe0,be0,fs0,md0,wd0,DID03
899,UID899,sd0,fe0,be0,fs0,md0,wd0,DID03
900,UID900,sd0,fe0,be0,fs0,md0,wd0,DID03
901,UID901,sd1,fe0,be0,fs0,md1,wd1,DID01
902,UID902,sd0,fe0,be0,fs0,md1,wd1,DID01
903,UID903,sd0,fe0,be0,fs0,md1,wd1,DID01
904,UID904,sd0,fe0,be0,fs0,md0,wd0,DID01
905,UID905,sd1,fe0,be0,fs0,md0,wd0,DID01
906,UID906,sd1,fe0,be0,fs0,md0,wd0,DID01
907,UID907,sd0,fe0,be0,fs0,md0,wd0,DID01
908,UID908,sd0,fe1,be0,fs0,md0,wd0,DID01
909,UID909,sd1,fe1,be0,fs0,md0,wd0,DID01
910,UID910,sd0,fe0,be0,fs0,md1,wd1,DID01
911,UID911,sd1,fe0,be0,fs0,md1,wd1,DID02
912,UID912,sd0,fe1,be0,fs0,md0,wd0,DID02
913,UID913,sd1,fe1,be0,fs0,md0,wd0,DID02
914,UID914,sd1,fe0,be0,fs0,md1,wd1,DID02
915,UID915,sd1,fe0,be0,fs0,md1,wd1,DID02
916,UID916,sd0,fe0,be0,fs0,md0,wd0,DID02
917,UID917,sd0,fe0,be0,fs0,md0,wd0,DID02
918,UID918,sd1,fe0,be0,fs0,md0,wd0,DID02
919,UID919,sd1,fe0,be0,fs0,md1,wd1,DID02
920,UID920,sd0,fe0,be0,fs0,md1,wd1,DID02
921,UID921,sd0,fe0,be0,fs0,md1,wd1,DID02
922,UID922,sd1,fe0,be0,fs0,md1,wd1,DID02
923,UID923,sd0,fe0,be0,fs0,md1,wd1,DID01
924,UID924,sd0,fe0,be0,fs0,md1,wd1,DID01
925,UID925,sd1,fe0,be0,fs0,md1,wd1,DID02
926,UID926,sd1,fe0,be0,fs0,md1,wd1,DID01
927,UID927,sd1,fe0,be0,fs0,md1,wd1,DID02
928,UID928,sd0,fe0,be0,fs0,md1,wd1,DID01
929,UID929,sd1,fe0,be0,fs0,md0,wd0,DID01
930,UID930,sd0,fe0,be0,fs0,md0,wd0,DID02
931,UID931,sd1,fe0,be0,fs0,md0,wd0,DID01
932,UID932,sd1,fe0,be0,fs0,md0,wd0,DID03
933,UID933,sd1,fe0,be0,fs0,md0,wd0,DID03
934,UID934,sd1,fe0,be0,fs0,md0,wd0,DID02
935,UID935,sd1,fe0,be0,fs0,md0,wd0,DID01
936,UID936,sd1,fe0,be0,fs0,md0,wd0,DID03
937,UID937,sd1,fe0,be0,fs0,md0,wd0,DID01
938,UID938,sd1,fe0,be0,fs0,md0,wd0,DID03
939,UID939,sd1,fe0,be0,fs0,md0,wd0,DID02
940,UID940,sd1,fe0,be0,fs0,md0,wd0,DID01
941,UID941,sd1,fe0,be0,fs0,md0,wd0,DID02
942,UID942,sd1,fe0,be0,fs0,md0,wd0,DID02
943,UID943,sd1,fe0,be0,fs0,md0,wd0,DID01
944,UID944,sd1,fe0,be0,fs0,md0,wd0,DID02
945,UID945,sd1,fe0,be0,fs0,md0,wd0,DID01
946,UID946,sd1,fe0,be0,fs0,md0,wd0,DID02
947,UID947,sd1,fe0,be0,fs0,md0,wd0,DID02
948,UID948,sd1,fe0,be0,fs0,md0,wd0,DID01
949,UID949,sd1,fe0,be0,fs0,md0,wd0,DID02
950,UID950,sd1,fe0,be0,fs0,md0,wd0,DID01
951,UID951,sd1,fe0,be0,fs0,md0,wd0,DID02
952,UID952,sd1,fe0,be0,fs0,md0,wd0,DID03
953,UID953,sd1,fe0,be0,fs0,md0,wd0,DID02
954,UID954,sd1,fe0,be0,fs0,md0,wd0,DID02
955,UID955,sd1,fe0,be0,fs0,md0,wd0,DID01
956,UID956,sd1,fe0,be0,fs0,md0,wd0,DID02
957,UID957,sd1,fe0,be0,fs0,md0,wd0,DID01
958,UID958,sd1,fe0,be0,fs0,md0,wd0,DID02
959,UID959,sd1,fe0,be0,fs0,md0,wd0,DID01
960,UID960,sd1,fe0,be0,fs0,md0,wd0,DID03
961,UID961,sd1,fe0,be0,fs0,md0,wd0,DID03
962,UID962,sd0,fe0,be0,fs0,md0,wd0,DID02
963,UID963,sd0,fe0,be0,fs0,md0,wd0,DID02
964,UID964,sd0,fe0,be0,fs0,md0,wd0,DID03
